horizon,uniq_mean,uniq_ci_half,meanL_mean,meanL_ci_half
5,0.08297960349178045,0.010020568138791916,0.15101599481986658,0.006961973061898663
10,0.4086243150974703,0.018770102534998168,0.4980036503196167,0.015751007816301565
20,0.8429865887152775,0.017759064264562308,0.8836735413877758,0.011231141374884568
40,0.9927965303081449,0.0027085628612431023,0.9958647983984577,0.001794881799407566
