defense,m_min,L0,L1,L2,L3
undefended,1,0.5667293233082706,0.7481203007518796,0.0,0.993421052631579
