defense,m_min,L0,L1,L2,L3
undefended,1,0.5703493862134088,0.7327667610953731,0.6931067044381493,0.9962228517469309
mid,77,0.3599240265906933,0.5270655270655271,0.47863247863247865,0.855650522317189
strong,88,0.09297912713472486,0.4345351043643263,0.3681214421252372,0.8007590132827325
