method,m_min,total_time,rounds,final_acc
fedavg,,,,0.46459999680519104
tifl,,,,0.4422999918460846
tifl_adaptive,,,,0.45339998602867126
ours,1,,,0.46769997477531433
