horizon,uniq_mean,uniq_ci_half,meanL_mean,meanL_ci_half
5,0.12439999999999998,0.008811052417567522,0.2116,0.006183436844829637
10,0.5532,0.014973367279677352,0.6417333333333333,0.012791750829397985
20,0.9365333333333334,0.0104935097009482,0.9564,0.0068909555303027226
40,0.9984,0.0013851341782448179,0.9990666666666665,0.0009438098513214754
