point,m_min,adv_mean,adv_ci_half,adv_lo,adv_hi,part_mean,part_ci_half,part_lo,part_hi,rel_mean
undefended,1,0.7388836181492658,0.03305582571761312,0.7058277924316527,0.771939443866879,331.0475,6.883141443481804,324.1643585565182,337.9306414434818,1.0
mild,55,0.7086682035347638,0.05069820356276611,0.6579699999719977,0.7593664070975299,294.0075,7.072433621744892,286.9350663782551,301.0799336217449,0.8317149658064761
cliff_lo,72,0.5750330419409997,0.06827499944030391,0.5067580425006958,0.6433080413813036,199.6825,18.29405162959125,181.38844837040875,217.97655162959126,0.47402232008322914
cliff_mid,80,0.5234784001873732,0.072742777853567,0.4507356223338062,0.5962211780409402,184.55,38.04926251256222,146.5007374874378,222.59926251256223,0.4107657718463396
cliff_hi,88,0.471856689597766,0.025956275650845517,0.4459004139469205,0.4978129652486115,159.56750000000002,19.103187622713477,140.46431237728655,178.6706876227135,0.33496180663457
strong,100,0.35640527898604246,0.27555061089661514,0.08085466808942732,0.6319558898826576,142.46750000000003,68.20669596350064,74.2608040364994,210.67419596350067,0.2720008319147583
