point,m_min,L0_mean,L0_ci_half,L1_mean,L1_ci_half,L2_mean,L2_ci_half,L3_mean,L3_ci_half
undefended,1,0.4536526987167974,0.22019101611099007,0.7463574842133871,0.05841446548391527,0.0,0.0,0.9915729195742585,0.004914884375903483
mid,50,0.36373609467216944,0.16077781503207692,0.7436763077848331,0.05680784992813448,0.0,0.0,0.9915718175365908,0.004913727138478707
strong,55,0.36245789016906854,0.16105738704373213,0.748925833843456,0.052500696782292855,0.0,0.0,0.991379442019182,0.004595470068836538
