point,m_min,adv_mean,adv_ci_half,adv_lo,adv_hi,part_mean,part_ci_half,part_lo,part_hi,rel_mean
undefended,1,0.7388836181492658,0.03305582571761312,0.7058277924316527,0.771939443866879,331.0475,6.883141443481804,324.1643585565182,337.9306414434818,1.0
mild,45,0.7347529401134484,0.04430651139895114,0.6904464287144972,0.7790594515123995,320.09000000000003,7.142008724386017,312.947991275614,327.23200872438605,0.9331897583153864
cliff_lo,50,0.7208671267726949,0.05116688844048467,0.6697002383322103,0.7720340152131796,312.2125,6.078399859865556,306.1341001401344,318.29089985986553,0.9005327388823818
cliff_mid,55,0.7086682035347638,0.05069820356276611,0.6579699999719977,0.7593664070975299,294.0075,7.072433621744892,286.9350663782551,301.0799336217449,0.8317149658064761
cliff_hi,60,0.6768325327949081,0.036445484330265954,0.6403870484646421,0.713278017125174,255.4375,9.36429816344075,246.07320183655926,264.80179816344076,0.6949748743718593
strong,70,0.5753110770219376,0.028211704405951665,0.547099372615986,0.6035227814278893,197.36249999999998,16.59832186015896,180.76417813984102,213.96082186015894,0.4768362012080605
